"https://www.oculus.com/experiences/go/1096547647026443","Jurassic World: Apatosaurus","Get"
"https://www.oculus.com/experiences/go/1458129140982015","YouTube VR","Get"
"https://www.oculus.com/experiences/go/1644126292264565","Epic Roller Coasters","Get"
"https://www.oculus.com/experiences/go/1256687334386627","SKYBOX VR Video Player","Get"
"https://www.oculus.com/experiences/go/1490394380970763","Dead and Buried","Get"
"https://www.oculus.com/experiences/go/1257988667656584","Oculus Browser","Get"
"https://www.oculus.com/experiences/go/2114496781900803","DeoVR Video Player","Get"
"https://www.oculus.com/experiences/go/1593975777342062","My Principal is an Alien","Get"
"https://www.oculus.com/experiences/go/959775037421164","RelayCars","Get"
"https://www.oculus.com/experiences/go/702313006537899","Rilix Coaster","Get"
"https://www.oculus.com/experiences/go/839725332767068","Temple Run VR","Get"
"https://www.oculus.com/experiences/go/646891152077200","Shooting Showdown 2 VR","Get"
"https://www.oculus.com/experiences/go/1111192718996912","Disney Movies VR","Get"
"https://www.oculus.com/experiences/go/1055629531142378","International Space Station Tour VR","Get"
"https://www.oculus.com/experiences/go/967457083325115","Bait!","Get"
"https://www.oculus.com/experiences/go/1514501481946313","Space Battle","Get"
"https://www.oculus.com/experiences/go/1430068307034578","Power Rangers Zords Rising VR","Get"
"https://www.oculus.com/experiences/go/1411919038919717","Underworld Overlord","Get"
"https://www.oculus.com/experiences/go/1311702362213668","Great Header","Get"
"https://www.oculus.com/experiences/go/1093086134103708","VeeR: Premium Immersive Entertainment","Get"
"https://www.oculus.com/experiences/go/1079053475440244","Expanse VR","Get"
"https://www.oculus.com/experiences/go/889483134491958","PolyRunner VR","Get"
"https://www.oculus.com/experiences/go/2151654038193242","Robin Hood VR","Get"
"https://www.oculus.com/experiences/go/1666153080144269","Blade Runner 2049: Memory Lab","Get"
"https://www.oculus.com/experiences/go/1175172312522689","405 Road Rage","Get"
"https://www.oculus.com/experiences/go/1152440564774310","INVASION!","Get"
"https://www.oculus.com/experiences/go/1134330346692366","WeMakeVR","Get"
"https://www.oculus.com/experiences/go/1925714304166869","Facebook Watch","Get"
"https://www.oculus.com/experiences/go/1726241384074118","Mission:ISS","Get"
"https://www.oculus.com/experiences/go/1645146858877576","Liminal","Get"
"https://www.oculus.com/experiences/go/945657588886188","Moon VR Player : Stream videos from PC/3D/2D/360/180","Get"
"https://www.oculus.com/experiences/go/2247877368571344","VR Casino","Get"
"https://www.oculus.com/experiences/go/2097674173595005","The Kremer Collection VR Museum",""
"https://www.oculus.com/experiences/go/1820733047940852","Sphere Toon - VR Comic","Get"
"https://www.oculus.com/experiences/go/1769193356487183","Star Wars: Droid Repair Bay","Get"
"https://www.oculus.com/experiences/go/1599089200204462","Jurassic World: Blue","Get"
"https://www.oculus.com/experiences/go/686548444781796","Poker VR","Get"
"https://www.oculus.com/experiences/go/2856269307784398","ecosphere","Get"
"https://www.oculus.com/experiences/go/2252817104759749","National Geographic VR","Get"
"https://www.oculus.com/experiences/go/2098235286868577","Coco VR","Get"
"https://www.oculus.com/experiences/go/1834973373242178","Oculus TV","Get"
"https://www.oculus.com/experiences/go/1834522029951979","BBC VR","Get"
"https://www.oculus.com/experiences/go/1759965414055326","Tomb Raider VR: Lara's Escape","Get"
"https://www.oculus.com/experiences/go/1290835750988761","Samsung #BeFearless Fear of Heights - Landscapes","Get"
"https://www.oculus.com/experiences/go/970981526326393","Welcome to Virtual Reality","Get"
"https://www.oculus.com/experiences/go/929143807179080","Guided Meditation VR","Get"
"https://www.oculus.com/experiences/go/2600000103359534","Crow: The Legend","Get"
"https://www.oculus.com/experiences/go/2424698784271861","Adam Savage's Tested VR","Get"
"https://www.oculus.com/experiences/go/2084588764916379","Henry","Get"
"https://www.oculus.com/experiences/go/1994117610669719","Traveling While Black","Get"