"https://www.oculus.com/experiences/go/2865608840146763","Angry Birds VR: Isle of Pigs","$9.99"
"https://www.oculus.com/experiences/go/3451512821630610","Mutated Virus","$0.99"
"https://www.oculus.com/experiences/go/942006482530009","Smash Hit","$2.99"
"https://www.oculus.com/experiences/go/1164252963696830","Death Horizon","$4.99"
"https://www.oculus.com/experiences/go/1887977017892765","Wander","$4.99"
"https://www.oculus.com/experiences/go/2227827680579719","Smash The Beats","$7.99"
"https://www.oculus.com/experiences/go/1279952315376503","RUSH","$7.99"
"https://www.oculus.com/experiences/go/1176652609059507","Pigasus VR Media Player","$5.99"
"https://www.oculus.com/experiences/go/827294127398133","Drop Dead","$9.99"
"https://www.oculus.com/experiences/go/2063823487045619","Real VR Fishing","$9.99"
"https://www.oculus.com/experiences/go/3397874170224145","Mini Motor Racing X","$9.99"
"https://www.oculus.com/experiences/go/3396804017029127","Galactica","$0.99"
"https://www.oculus.com/experiences/go/2002118589833747","Water Ride Extreme","$1.99"
"https://www.oculus.com/experiences/go/1389161184521528","Virtual Virtual Reality","$9.99"
"https://www.oculus.com/experiences/go/927672977351617","Gun Club 3 VR","$7.99"
"https://www.oculus.com/experiences/go/1058194390920956","AFFECTED - The Manor","$2.99"
"https://www.oculus.com/experiences/go/2763382083760407","Motor Rider","$3.99"
"https://www.oculus.com/experiences/go/1585261441509589","Along Together","$9.99"
"https://www.oculus.com/experiences/go/3013160292031145","Flying Aces: Navy Pilot Simulator","$8.99"
"https://www.oculus.com/experiences/go/2182380691837266","Eclipse: Edge of Light","$9.99"
"https://www.oculus.com/experiences/go/1155364627825721","Floor Plan","$4.99"
"https://www.oculus.com/experiences/go/2893734833988477","Horror Asylum ULTIMATE","$2.99"
"https://www.oculus.com/experiences/go/1723271804396968","Nature Treks VR","$7.99"
"https://www.oculus.com/experiences/go/1378834245571358","Karts Race VR","$1.99"
"https://www.oculus.com/experiences/go/1358025144231073","Art Plunge","$1.99"
"https://www.oculus.com/experiences/go/1267959529922459","ZOMBIE ELEVATOR","$0.99"
"https://www.oculus.com/experiences/go/1249878741704255","Ocean Rift (Go)","$9.99"
"https://www.oculus.com/experiences/go/1242229392548045","VR Canvas","$3.99"
"https://www.oculus.com/experiences/go/1232181650154576","Zed Shot","$2.99"
"https://www.oculus.com/experiences/go/982319468556497","The Hunter","$1.99"
"https://www.oculus.com/experiences/go/953565778099802","Space Maze","$4.99"
"https://www.oculus.com/experiences/go/2306542396125503","Song Beater: Quite My Tempo!","$4.99"
"https://www.oculus.com/experiences/go/2146744692021364","Fear Incarnate","$4.99"
"https://www.oculus.com/experiences/go/1641698295876186","LineWars VR","$5.99"
"https://www.oculus.com/experiences/go/1548818075148912","HomestarVR","$7.99"
"https://www.oculus.com/experiences/go/1272636489423125","Mondly: Learn Languages in VR","$4.99"
"https://www.oculus.com/experiences/go/1077649088989110","Street Champ","$0.99"
"https://www.oculus.com/experiences/go/3466107356802122","Flight 74","$9.99"
"https://www.oculus.com/experiences/go/3214857391938459","exVRience Golf Club","$9.99"
"https://www.oculus.com/experiences/go/3037861916323709","A Gorilla Travels","$3.99"
"https://www.oculus.com/experiences/go/2955928654482306","The Asylum","$3.99"
"https://www.oculus.com/experiences/go/2751826864934523","Roller Coaster - Epic Bat Shooting Game","$0.99"
"https://www.oculus.com/experiences/go/2714882785290545","Into Space - 1st & 2nd Step","$5.99"
"https://www.oculus.com/experiences/go/2689829444436027","Rising Evil ULTIMATE","$2.99"
"https://www.oculus.com/experiences/go/2610169122379924","Discovery","$4.99"
"https://www.oculus.com/experiences/go/2321213081230191","SwordFight!","$0.99"
"https://www.oculus.com/experiences/go/2256634431075894","Ghost Mountain Roller Coaster","$2.99"
"https://www.oculus.com/experiences/go/1830914413625836","The Wizards - Trials of Meliora","$3.99"
"https://www.oculus.com/experiences/go/1809897762383106","Claro","$4.99"
"https://www.oculus.com/experiences/go/1683552181717424","Car Driving in City - Endless Runner","$1.99"