"https://www.oculus.com/experiences/quest/8633589726666264","Galactic Catch","$12.99"
"https://www.oculus.com/experiences/quest/5981642121902237","Mindset","$9.99"
"https://www.oculus.com/experiences/quest/8896303273744663","Dead Hook","$19.99"
"https://www.oculus.com/experiences/quest/5912124212170208","Darksword: Battle Eternity","$24.99"
"https://www.oculus.com/experiences/quest/5722114367801351","Hubris","$29.99"
"https://www.oculus.com/experiences/quest/5366874313435765","STACK","$14.99"
"https://www.oculus.com/experiences/quest/6352277878196011","Pixel Ripped 1978","$24.99"
"https://www.oculus.com/experiences/quest/5548503715177686","The Signifier","$19.99"
"https://www.oculus.com/experiences/quest/4745920782133500","Zombies Noir: Mixed Reality","$9.99"
"https://www.oculus.com/experiences/quest/6424742560904148","BARTENDER VR SIMULATOR","$19.99"
"https://www.oculus.com/experiences/quest/8752849024786000","Battle Talent","$19.99"
"https://www.oculus.com/experiences/quest/4629225960449550","Killer Frequency","$24.99"
"https://www.oculus.com/experiences/quest/3011203712298006","Budget Cuts Ultimate","$29.99"
"https://www.oculus.com/experiences/quest/5446476285387663","No More Rainbows","$19.99"
"https://www.oculus.com/experiences/quest/4052099231581371","We Are One","$19.99"
"https://www.oculus.com/experiences/quest/8130840500321349","HORROR BAR VR","$19.99"
"https://www.oculus.com/experiences/quest/5219488324783789","EVERSLAUGHT Invasion","$24.99"
"https://www.oculus.com/experiences/quest/4835782143201594","Crimen - Mercenary Tales","$14.99"
"https://www.oculus.com/experiences/quest/4548214431946302","Hello Neighbor: Search and Rescue","$29.99"
"https://www.oculus.com/experiences/quest/3073319699437112","Cards & Tankards","Get"
"https://www.oculus.com/experiences/quest/5209709029115362","Rube Goldberg Workshop","$9.99"
"https://www.oculus.com/experiences/quest/4543286815791830","Another Fisherman's Tale","$24.99"
"https://www.oculus.com/experiences/quest/4086167951414582","Windlands","$14.99"
"https://www.oculus.com/experiences/quest/8826022237415280","Propagation: Paradise Hotel","$19.99"
"https://www.oculus.com/experiences/quest/6198564290223186","Survival Nation","$29.99"
"https://www.oculus.com/experiences/quest/5395586720470296","Rogue Ascent VR","$24.99"
"https://www.oculus.com/experiences/quest/5322351964507206","Car Detailing Simulator","$19.99"
"https://www.oculus.com/experiences/quest/5361030930653377","Eye of the Temple","$19.99"
"https://www.oculus.com/experiences/quest/5638124899586470","Amid Evil","$19.99"
"https://www.oculus.com/experiences/quest/7532973430077887","Shave & Stuff","$14.99"
"https://www.oculus.com/experiences/quest/5847349178647335","Tennis League VR","$19.99"
"https://www.oculus.com/experiences/quest/5740397619319389","Breachers","$29.99"
"https://www.oculus.com/experiences/quest/5174697242548672","Call of the Sea VR","$19.99"
"https://www.oculus.com/experiences/quest/5057690021017445","Kill It With Fire VR","$14.99"
"https://www.oculus.com/experiences/quest/4297523073681259","A Knight in the Attic","$9.99"
"https://www.oculus.com/experiences/quest/4917905281646450","Fruit Ninja 2","$24.99"
"https://www.oculus.com/experiences/quest/3580009512106870","Gambit!","$19.99"
"https://www.oculus.com/experiences/quest/4310142359062337","Block Buster","$19.99"
"https://www.oculus.com/experiences/quest/5761454780599212","The Last Worker","$19.99"
"https://www.oculus.com/experiences/quest/4913951145319249","Not For Broadcast","$24.99"
"https://www.oculus.com/experiences/quest/4302631119827554","Ghost Signal: A Stellaris Game","$19.99"
"https://www.oculus.com/experiences/quest/3732099523498937","Peaky Blinders: The King's Ransom",""
"https://www.oculus.com/experiences/quest/5380153758692064","Guardians Frontline","$24.99"
"https://www.oculus.com/experiences/quest/4609792345698021","ARK and ADE","$9.99"
"https://www.oculus.com/experiences/quest/7511205902287186","Papaye Bang Bang VR","$14.99"
"https://www.oculus.com/experiences/quest/4691626700899382","Mixture","$24.99"
"https://www.oculus.com/experiences/quest/2681027292004911","The Light Brigade","$24.99"
"https://www.oculus.com/experiences/quest/4691479430874595","Drop Dead: The Cabin",""
"https://www.oculus.com/experiences/quest/6609453432428168","Gun Jam VR","$14.99"
"https://www.oculus.com/experiences/quest/7365196930219982","Per Aspera VR","$24.99"
"https://www.oculus.com/experiences/quest/5296016923775393","Barbaria","$19.99"
"https://www.oculus.com/experiences/quest/5418402731545943","Windlands 2","$24.99"
"https://www.oculus.com/experiences/quest/6100710649952467","Silhouette","$9.99"
"https://www.oculus.com/experiences/quest/2077633992357493","Dead Secret Circle","$14.99"
"https://www.oculus.com/experiences/quest/7396500803756618","PathCraft","$14.99"
"https://www.oculus.com/experiences/quest/4277263562355260","Colossal Cave","$24.99"
"https://www.oculus.com/experiences/quest/3286864067993225","Primal Hunt","$29.99"
"https://www.oculus.com/experiences/quest/7252497758125048","GRID Legends","$29.99"
"https://www.oculus.com/experiences/quest/3919415921458774","Gods of Gravity","Get"
"https://www.oculus.com/experiences/quest/5028049290647430","Maskmaker","$19.99"
"https://www.oculus.com/experiences/quest/4979055762136823","Gorilla Tag","Get"
"https://www.oculus.com/experiences/quest/4290234067753903","Arcade Legend",""
"https://www.oculus.com/experiences/quest/5153665764710661","Linelight","$14.99"
"https://www.oculus.com/experiences/quest/7411378478932340","World War Toons: Tank Arena VR","$19.99"
"https://www.oculus.com/experiences/quest/5472934942761937","COMPOUND","$19.99"
"https://www.oculus.com/experiences/quest/5190288877703616","The Walking Dead: Saints & Sinners - Chapter 2: Retribution","$39.99"
"https://www.oculus.com/experiences/quest/5136958036416423","Broken Edge",""
"https://www.oculus.com/experiences/quest/5251672408247712","WHAT THE BAT?","$24.99"
"https://www.oculus.com/experiences/quest/3529713943716002","Espire 2: Stealth Operatives","$29.99"
"https://www.oculus.com/experiences/quest/4760607174068295","ForeVR Pool","$19.99"
"https://www.oculus.com/experiences/quest/4948428055244413","Among Us VR","$9.99"
"https://www.oculus.com/experiences/quest/4725588970834544","Kartoffl","$14.99"
"https://www.oculus.com/experiences/quest/6574680562603944","Shores of Loci","$14.99"
"https://www.oculus.com/experiences/quest/5017327094985781","Marvel's Iron Man VR","$29.99"
"https://www.oculus.com/experiences/quest/5153768677983339","IRON GUARD","$14.99"
"https://www.oculus.com/experiences/quest/5511434665565703","Surgineer",""
"https://www.oculus.com/experiences/quest/5396412860376470","Arcaxer","$24.99"
"https://www.oculus.com/experiences/quest/6501835653220720","RUNNER","$14.99"
"https://www.oculus.com/experiences/quest/4529223267133070","Townscaper VR","$9.99"
"https://www.oculus.com/experiences/quest/4215734068529064","BONELAB","$39.99"
"https://www.oculus.com/experiences/quest/5081572398619813","Crisis Brigade 2 reloaded","$14.99"
"https://www.oculus.com/experiences/quest/5040861172638649","DYSCHRONIA: Chronos Alternate","$19.99"
"https://www.oculus.com/experiences/quest/5118731164870081","Ultimechs","Get"
"https://www.oculus.com/experiences/quest/5138511912885491","Ancient Dungeon","$19.99"
"https://www.oculus.com/experiences/quest/4193975210678121","NFL PRO ERA","$14.99"
"https://www.oculus.com/experiences/quest/5817243991680545","Into the Radius","$29.99"
"https://www.oculus.com/experiences/quest/4129713367142723","Interkosmos 2000","$19.99"
"https://www.oculus.com/experiences/quest/4457738027605720","Eolia","$14.99"
"https://www.oculus.com/experiences/quest/3526702020710931","Deisim","$14.99"
"https://www.oculus.com/experiences/quest/5011588462297991","ForeVR Cornhole","Get"
"https://www.oculus.com/experiences/quest/4687013941420060","Jupiter & Mars","$14.99"
"https://www.oculus.com/experiences/quest/4599090550122539","ALTAIR BREAKER","$24.99"
"https://www.oculus.com/experiences/quest/3682089508520212","Red Matter 2",""
"https://www.oculus.com/experiences/quest/3984056454948095","Warplanes: Battles over Pacific",""
"https://www.oculus.com/experiences/quest/4178846312215481","Car Mechanic Simulator","$19.99"
"https://www.oculus.com/experiences/quest/5092088964195390","Shock Troops","$9.99"
"https://www.oculus.com/experiences/quest/4428409203954512","Cooking Simulator VR","$24.99"
"https://www.oculus.com/experiences/quest/4395292760584049","Moss: Book II","$29.99"
"https://www.oculus.com/experiences/quest/4714471148644140","Table of Tales: The Crooked Crown","$19.99"
"https://www.oculus.com/experiences/quest/3508802139177629","The Twilight Zone™","$19.99"
"https://www.oculus.com/experiences/quest/3395626290543887","Thief Simulator VR: Greenview Street","$19.99"
"https://www.oculus.com/experiences/quest/6669173709823400","RUINSMAGUS","$34.99"
"https://www.oculus.com/experiences/quest/3637780062900902","Wands Alliances","$19.99"
"https://www.oculus.com/experiences/quest/3354247921293382","The American Dream","$14.99"
"https://www.oculus.com/experiences/quest/4188843481174389","MOTHERGUNSHIP: FORGE","$19.99"
"https://www.oculus.com/experiences/quest/4017841368311255","World Of Mechs","$19.99"
"https://www.oculus.com/experiences/quest/4837365566303714","The Last Clockwinder","$24.99"
"https://www.oculus.com/experiences/quest/4331225313661764","Wings 1941","$12.99"
"https://www.oculus.com/experiences/quest/6119989094742166","First Person Tennis - The Real Tennis Simulator",""
"https://www.oculus.com/experiences/quest/4020038261419508","VR Ping Pong Pro","$14.99"
"https://www.oculus.com/experiences/quest/4220006248051477","Warhammer Age of Sigmar: Tempestfall","$24.99"
"https://www.oculus.com/experiences/quest/4988470131168299","Little Cities","$19.99"
"https://www.oculus.com/experiences/quest/2821509184606966","AREA MAN LIVES","$19.99"
"https://www.oculus.com/experiences/quest/3890197214406211","BlazeRush: Star Track","$14.99"
"https://www.oculus.com/experiences/quest/4046879905345967","Cities: VR","$29.99"
"https://www.oculus.com/experiences/quest/3815577785147028","Green Hell VR",""
"https://www.oculus.com/experiences/quest/5437449896288644","iB Cricket","$29.99"
"https://www.oculus.com/experiences/quest/4554248281328321","Cosmonious High",""
"https://www.oculus.com/experiences/quest/3967680489996895","Tentacular","$24.99"
"https://www.oculus.com/experiences/quest/2302319493201737","The Tale of Onogoro","$29.99"
"https://www.oculus.com/experiences/quest/3671539682885620","Startenders: Intergalactic Bartending","$14.99"
"https://www.oculus.com/experiences/quest/6937410016334124","Alvo","$14.99"
"https://www.oculus.com/experiences/quest/5157404804284116","Nock: Bow + Arrow Soccer","$9.99"
"https://www.oculus.com/experiences/quest/2374555582668563","HitchHiker: A Mystery Game","$19.99"
"https://www.oculus.com/experiences/quest/1968697563211639","Vox Machinae","$29.99"
"https://www.oculus.com/experiences/quest/2465388190184288","MarineVerse Cup","$19.99"
"https://www.oculus.com/experiences/quest/4281519998581593","UNBINARY","$14.99"
"https://www.oculus.com/experiences/quest/2731491443600205","Virtual Virtual Reality 2","$19.99"
"https://www.oculus.com/experiences/quest/3215828205181680","Ultrawings 2",""
"https://www.oculus.com/experiences/quest/3594982710558708","Zenith: The Last City","$29.99"
"https://www.oculus.com/experiences/quest/4048766301899067","AVICII Invector: Encore Edition","$29.99"
"https://www.oculus.com/experiences/quest/4531913893511480","Anshar 2: Hyperdrive","$19.99"
"https://www.oculus.com/experiences/quest/3684804704932159","Garden of the Sea","$24.99"
"https://www.oculus.com/experiences/quest/5352920984748732","Final Space VR - The Rescue","$14.99"
"https://www.oculus.com/experiences/quest/3831620133609128","ForeVR Darts","$9.99"
"https://www.oculus.com/experiences/quest/2160364850746031","After the Fall®","$29.99"
"https://www.oculus.com/experiences/quest/4847484705291911","Morels: Homestead","$19.99"
"https://www.oculus.com/experiences/quest/3488568914506549","ZOOKEEPER : Blast Quest","$14.99"
"https://www.oculus.com/experiences/quest/3630025217090808","Smash Drums",""
"https://www.oculus.com/experiences/quest/3652037328256745","Lucky's Tale","$19.99"
"https://www.oculus.com/experiences/quest/3647259232032222","Medal of Honor™: Above and Beyond","$39.99"
"https://www.oculus.com/experiences/quest/3683568971682157","Resist","$19.99"
"https://www.oculus.com/experiences/quest/3697657733661230","Captain ToonHead vs The Punks from Outer Space","$19.99"
"https://www.oculus.com/experiences/quest/2031826350263349","Blade & Sorcery: Nomad","$19.99"
"https://www.oculus.com/experiences/quest/4148745208478773","The Secret of Retropolis",""
"https://www.oculus.com/experiences/quest/4243111539050423","Project TERMINUS VR","$24.99"
"https://www.oculus.com/experiences/quest/2637179839719680","Resident Evil 4","$39.99"
"https://www.oculus.com/experiences/quest/4714094898617280","Unplugged: Air Guitar","$24.99"
"https://www.oculus.com/experiences/quest/3749621795127676","Ragnarock","$24.99"
"https://www.oculus.com/experiences/quest/3566126356743668","Spacefolk City","$19.99"
"https://www.oculus.com/experiences/quest/5068085479875775","MVP Football - The Patrick Mahomes Experience","$19.99"
"https://www.oculus.com/experiences/quest/3878215958952165","Shadowgate VR: The Mines of Mythrok","$24.99"
"https://www.oculus.com/experiences/quest/2097356583640894","Loco Dojo Unleashed","$19.99"
"https://www.oculus.com/experiences/quest/3982869578392875","Gun Raiders","Get"
"https://www.oculus.com/experiences/quest/4207810312567000","Song in the Smoke","$29.99"
"https://www.oculus.com/experiences/quest/4723352327707414","Sweet Surrender","$24.99"
"https://www.oculus.com/experiences/quest/2570320959694625","Neverboard","Get"
"https://www.oculus.com/experiences/quest/3759841040728627","Ionia","$8.99"
"https://www.oculus.com/experiences/quest/3230671513714717","Clash of Chefs VR","$19.99"
"https://www.oculus.com/experiences/quest/3327842470656115","Rainbow Reactor: Fusion","$14.99"
"https://www.oculus.com/experiences/quest/2562230633857728","Paranormal Activity: The Lost Soul","$19.99"
"https://www.oculus.com/experiences/quest/3931148300302917","Puzzling Places",""
"https://www.oculus.com/experiences/quest/2301375123298882","BEAT ARENA","$29.99"
"https://www.oculus.com/experiences/quest/2970998659623177","I Expect You To Die 2",""
"https://www.oculus.com/experiences/quest/3327317663977182","Ven VR Adventure","$19.99"
"https://www.oculus.com/experiences/quest/3669819606376951","Disc Ninja","$14.99"
"https://www.oculus.com/experiences/quest/4901911359882668","STRIDE","$14.99"
"https://www.oculus.com/experiences/quest/2948202345202575","Arcsmith","$24.99"
"https://www.oculus.com/experiences/quest/3922378427824210","Warplanes: WW1 Fighters","$19.99"
"https://www.oculus.com/experiences/quest/2886115781495034","YUKI","$19.99"
"https://www.oculus.com/experiences/quest/2913958855307200","A Township Tale","$9.99"
"https://www.oculus.com/experiences/quest/2544573735586536","Sniper Elite VR",""
"https://www.oculus.com/experiences/quest/3044409625637497","Sam and Max: This Time It's Virtual!","$29.99"
"https://www.oculus.com/experiences/quest/3256881337690839","TOTALLY BASEBALL","$14.99"
"https://www.oculus.com/experiences/quest/3414062495337180","Tarzan VR™","$9.99"
"https://www.oculus.com/experiences/quest/5353996901307344","Chess Club","$14.99"
"https://www.oculus.com/experiences/quest/1918967004876383","Eternal Starlight",""
"https://www.oculus.com/experiences/quest/3126295830741280","Larcenauts","$29.99"
"https://www.oculus.com/experiences/quest/3816141331792031","A Rogue Escape","$19.99"
"https://www.oculus.com/experiences/quest/4143574335654608","Stones Of Harlath","$9.99"
"https://www.oculus.com/experiences/quest/3317083428365473","Carve Snowboarding","$19.99"
"https://www.oculus.com/experiences/quest/3420508614708029","ForeVR Bowl","$19.99"
"https://www.oculus.com/experiences/quest/3202625546470498","Puzzle Bobble VR: Vacation Odyssey","$19.99"
"https://www.oculus.com/experiences/quest/3591949650852844","Zero Caliber: Reloaded","$24.99"
"https://www.oculus.com/experiences/quest/3634830803298285","Demeo",""
"https://www.oculus.com/experiences/quest/2441213515992073","The Wizards - Dark Times","$24.99"
"https://www.oculus.com/experiences/quest/3180994211970184","Star Wars™ Pinball VR","$24.99"
"https://www.oculus.com/experiences/quest/2562090053828017","Wraith: The Oblivion - Afterlife","$19.99"
"https://www.oculus.com/experiences/quest/3285668754893704","Carly and the Reaperman","$19.99"
"https://www.oculus.com/experiences/quest/2236053486488156","Swarm","$24.99"
"https://www.oculus.com/experiences/quest/2753873371404693","Traffic Jams","$19.99"
"https://www.oculus.com/experiences/quest/2401648309868679","Floor Plan 2","$24.99"
"https://www.oculus.com/experiences/quest/3392175350802835","Hand Physics Lab",""
"https://www.oculus.com/experiences/quest/4113720305326115","Golf 5","$29.99"
"https://www.oculus.com/experiences/quest/2792447070854325","Zombieland: Headshot Fever","$19.99"
"https://www.oculus.com/experiences/quest/3688751474502123","Cosmodread","$14.99"
"https://www.oculus.com/experiences/quest/3433698816645881","Flow Weaver","$19.99"
"https://www.oculus.com/experiences/quest/2617233878395214","The Climb 2",""
"https://www.oculus.com/experiences/quest/2548290978591281","Luna","$14.99"
"https://www.oculus.com/experiences/quest/3070239359662935","Hyper Dash","Get"
"https://www.oculus.com/experiences/quest/1884760688319818","Crashland","$19.99"
"https://www.oculus.com/experiences/quest/4603898999650318","Vanishing Grace","$9.99"
"https://www.oculus.com/experiences/quest/3882524545155280","Catan VR","$14.99"
"https://www.oculus.com/experiences/quest/3349689215139117","GORN","$19.99"
"https://www.oculus.com/experiences/quest/3622969487764448","Yupitergrad","$14.99"
"https://www.oculus.com/experiences/quest/3726478607381266","Mare","$19.99"
"https://www.oculus.com/experiences/quest/2708465082504733","Jurassic World Aftermath Collection","$29.99"
"https://www.oculus.com/experiences/quest/2719294624823942","Myst","$29.99"
"https://www.oculus.com/experiences/quest/3231001163584154","Warhammer 40,000: Battle Sister","$19.99"
"https://www.oculus.com/experiences/quest/3446712548672561","Prison Boss VR","$19.99"
"https://www.oculus.com/experiences/quest/2436897736439055","Contractors","$19.99"
"https://www.oculus.com/experiences/quest/2977398372335251","ALTDEUS: Beyond Chronos","$39.99"
"https://www.oculus.com/experiences/quest/3484270071659289","Star Wars: Tales from the Galaxy's Edge","$24.99"
"https://www.oculus.com/experiences/quest/2799962826754702","Blair Witch: Oculus Quest Edition","$29.99"
"https://www.oculus.com/experiences/quest/2564158073609422","POPULATION: ONE","Get"
"https://www.oculus.com/experiences/quest/3043045549099845","Star Shaman","$9.99"
"https://www.oculus.com/experiences/quest/2897337400373711","The Walking Dead: Saints & Sinners","$39.99"
"https://www.oculus.com/experiences/quest/2610547289060480","Rez Infinite","$19.99"
"https://www.oculus.com/experiences/quest/2814449548618112","Hatsune Miku VR","$24.99"
"https://www.oculus.com/experiences/quest/2249318828413747","Space Channel 5 VR Kinda Funky News Flash!","$24.99"
"https://www.oculus.com/experiences/quest/3857024597703276","Kizuna AI - Touch the Beat!","Get"
"https://www.oculus.com/experiences/quest/2446085128829455","Little Witch Academia: VR Broom Racing","$29.99"
"https://www.oculus.com/experiences/quest/1920879634657108","Tsuro - The Game of The Path","$9.99"
"https://www.oculus.com/experiences/quest/2307085352735834","Blaston","Get"
"https://www.oculus.com/experiences/quest/2159739540797724","Dash Dash World","$24.99"
"https://www.oculus.com/experiences/quest/2567459230020142","Until You Fall","$24.99"
"https://www.oculus.com/experiences/quest/2462678267173943","Walkabout Mini Golf",""
"https://www.oculus.com/experiences/quest/2245426295493320","SOLARIS OFFWORLD COMBAT","$24.99"
"https://www.oculus.com/experiences/quest/2557519677620753","Shuttle Commander","$9.99"
"https://www.oculus.com/experiences/quest/2264524423619421","Cubism","$9.99"
"https://www.oculus.com/experiences/quest/2874244485968712","Void Racer: Extreme","$9.99"
"https://www.oculus.com/experiences/quest/2202354219893697","Holopoint","$14.99"
"https://www.oculus.com/experiences/quest/2327302830679091","Falcon Age","$19.99"
"https://www.oculus.com/experiences/quest/2004774962957063","Cook-Out","$19.99"
"https://www.oculus.com/experiences/quest/2807364355977144","Shooty Fruity","$19.99"
"https://www.oculus.com/experiences/quest/2540541942723653","HouseFlipper VR","$14.99"
"https://www.oculus.com/experiences/quest/2004328649624954","Gravity Lab","$14.99"
"https://www.oculus.com/experiences/quest/2677344882310094","Onward","$24.99"
"https://www.oculus.com/experiences/quest/2334376869949242","In Death: Unchained","$29.99"
"https://www.oculus.com/experiences/quest/3159481670763523","Coaster Combat","$9.99"
"https://www.oculus.com/experiences/quest/3162101440489458","Five Nights at Freddy's: Help Wanted",""
"https://www.oculus.com/experiences/quest/3087966124548124","Layers of Fear VR","$19.99"
"https://www.oculus.com/experiences/quest/2450698034945641","Wonderglade","$7.99"
"https://www.oculus.com/experiences/quest/2632963266829659","Shooty Skies Overdrive","$9.99"
"https://www.oculus.com/experiences/quest/2302118823192509","Phantom: Covert Ops","$29.99"
"https://www.oculus.com/experiences/quest/2718107161580827","Trover Saves the Universe","$29.99"
"https://www.oculus.com/experiences/quest/2773034772778845","Premium Bowling",""
"https://www.oculus.com/experiences/quest/2412327085529357","GOLF+","$29.99"
"https://www.oculus.com/experiences/quest/2531338473623578","Spaceteam VR","$12.99"
"https://www.oculus.com/experiences/quest/3386618894743567","Tetris® Effect: Connected","$29.99"
"https://www.oculus.com/experiences/quest/2371757336252737","Mini Motor Racing X","$14.99"
"https://www.oculus.com/experiences/quest/2484044451715693","Audio Trip","$19.99"
"https://www.oculus.com/experiences/quest/2215004568539258","Echo VR","Get"
"https://www.oculus.com/experiences/quest/3628344387191267","Pixel Ripped 1995","$19.99"
"https://www.oculus.com/experiences/quest/1924930950878181","Audioshield","$19.99"
"https://www.oculus.com/experiences/quest/2449350021843569","Ironlights","$19.99"
"https://www.oculus.com/experiences/quest/2652937004788947","Guns'n'Stories: Bulletproof VR","$9.99"
"https://www.oculus.com/experiences/quest/1706349256136062","Lies Beneath","$29.99"
"https://www.oculus.com/experiences/quest/2632034163584300","B-Team","$14.99"
"https://www.oculus.com/experiences/quest/2124523024270629","The Room VR: A Dark Matter",""
"https://www.oculus.com/experiences/quest/2476104599150595","Down the Rabbit Hole","$19.99"
"https://www.oculus.com/experiences/quest/1995434190525828","Eleven Table Tennis","$29.99"
"https://www.oculus.com/experiences/quest/2260701747375712","FREEDIVER: Triton Down","$14.99"
"https://www.oculus.com/experiences/quest/2366136696841248","Ghost Giant","$24.99"
"https://www.oculus.com/experiences/quest/2522558964527688","OhShape","$19.99"
"https://www.oculus.com/experiences/quest/2333124776756148","AUDICA","$29.99"
"https://www.oculus.com/experiences/quest/3044656825604617","Doctor Who The Edge of Time","$19.99"
"https://www.oculus.com/experiences/quest/2615129151844974","Fail Factory!","$4.99"
"https://www.oculus.com/experiences/quest/2592096760842149","2MD: VR Football Unleashed ALL☆STAR","$14.99"
"https://www.oculus.com/experiences/quest/2736496286381191","Radial-G: Proteus","$24.99"
"https://www.oculus.com/experiences/quest/2507216576060698","Star Trek: Bridge Crew","$29.99"
"https://www.oculus.com/experiences/quest/2032870023439846","Path of the Warrior","$19.99"
"https://www.oculus.com/experiences/quest/2393300320759737","Vacation Simulator","$29.99"
"https://www.oculus.com/experiences/quest/2967784573246968","AFFECTED: The Manor - Complete Edition","$9.99"
"https://www.oculus.com/experiences/quest/2190353671014400","Arizona Sunshine®",""
"https://www.oculus.com/experiences/quest/1954488057986071","Death Lap","$19.99"
"https://www.oculus.com/experiences/quest/2280285932034855","Waltz of the Wizard",""
"https://www.oculus.com/experiences/quest/2376737905701576","The Climb",""
"https://www.oculus.com/experiences/quest/2299967930057156","A Fisherman's Tale","$14.99"
"https://www.oculus.com/experiences/quest/2228678273856228","Espire 1: VR Operative","$19.99"
"https://www.oculus.com/experiences/quest/4554248281328321","Cosmonious High",""
"https://www.oculus.com/experiences/quest/2484044451715693","Audio Trip","$19.99"
"https://www.oculus.com/experiences/quest/2439217169469931","The Curious Tale of the Stolen Pets","$9.99"
"https://www.oculus.com/experiences/quest/1427490644042488","Last Labyrinth","$29.99"
"https://www.oculus.com/experiences/quest/2104963472963790","Pistol Whip","$29.99"
"https://www.oculus.com/experiences/quest/2436558143118760","Synth Riders",""
"https://www.oculus.com/experiences/quest/3008315795852749","The Thrill of the Fight","$9.99"
"https://www.oculus.com/experiences/quest/2567395559960697","Gadgeteer","$14.99"
"https://www.oculus.com/experiences/quest/2078236868960051","Knockout League","$19.99"
"https://www.oculus.com/experiences/quest/2128482130504783","Dreadhalls","$9.99"
"https://www.oculus.com/experiences/quest/2115015981923610","Death Horizon: Reloaded","$19.99"
"https://www.oculus.com/experiences/quest/2096339947076151","Wands","$19.99"
"https://www.oculus.com/experiences/quest/1551165681653074","Cave Digger","$19.99"
"https://www.oculus.com/experiences/quest/2257223740990488","Poker VR - Multi Table Tournaments","Get"
"https://www.oculus.com/experiences/quest/2675955252474460","Skyworld: Kingdom Brawl","$9.99"
"https://www.oculus.com/experiences/quest/2221553561229188","Drunkn Bar Fight",""
"https://www.oculus.com/experiences/quest/2035353573194060","Half + Half","Get"
"https://www.oculus.com/experiences/quest/2582932495064035","Real VR Fishing","$19.99"
"https://www.oculus.com/experiences/quest/2325731427501921","Elven Assassin","$19.99"
"https://www.oculus.com/experiences/quest/2434361173248640","End Space","$14.99"
"https://www.oculus.com/experiences/quest/2345082335516570","Acron: Attack of the Squirrels!","$19.99"
"https://www.oculus.com/experiences/quest/2180753588712484","Red Matter","$24.99"
"https://www.oculus.com/experiences/quest/2055554051161375","Time Stall","$14.99"
"https://www.oculus.com/experiences/quest/1995306573932043","Pinball FX2 VR","$14.99"
"https://www.oculus.com/experiences/quest/2398880980156491","Ninja Legends","$19.99"
"https://www.oculus.com/experiences/quest/2706567592751319","Please, Don't Touch Anything","$9.99"
"https://www.oculus.com/experiences/quest/1903584373052985","Raccoon Lagoon","$14.99"
"https://www.oculus.com/experiences/quest/1794123900713107","République VR","Get"
"https://www.oculus.com/experiences/quest/2285803881494677","Gun Club VR","$19.99"
"https://www.oculus.com/experiences/quest/2255408847836468","Racket: Nx","$19.99"
"https://www.oculus.com/experiences/quest/2481987975166999","Accounting+","$11.99"
"https://www.oculus.com/experiences/quest/2299215130112875","Sairento VR : Untethered","$19.99"
"https://www.oculus.com/experiences/quest/2033429253367669","Fujii","$14.99"
"https://www.oculus.com/experiences/quest/1642239225880682","Richie's Plank Experience","$14.99"
"https://www.oculus.com/experiences/quest/4554248281328321","Cosmonious High",""
"https://www.oculus.com/experiences/quest/2180753588712484","Red Matter","$24.99"
"https://www.oculus.com/experiences/quest/2812851825399383","TOKYO CHRONOS","$39.99"
"https://www.oculus.com/experiences/quest/3064046640291676","SWORDS of GARGANTUA","$24.99"
"https://www.oculus.com/experiences/quest/2459503397416283","The Wizards","$24.99"
"https://www.oculus.com/experiences/quest/2448060205267927","Beat Saber","$29.99"
"https://www.oculus.com/experiences/quest/2366245336750543","Creed: Rise to Glory - Championship Edition™","$29.99"
"https://www.oculus.com/experiences/quest/1921533091289407","SUPERHOT VR","$24.99"
"https://www.oculus.com/experiences/quest/1856672347794301","VRChat","Get"
"https://www.oculus.com/experiences/quest/1952355814856769","Racket Fury: Table Tennis VR","$19.99"
"https://www.oculus.com/experiences/quest/3235570703151406","Job Simulator","$19.99"
"https://www.oculus.com/experiences/quest/2718606324833775","Angry Birds VR: Isle of Pigs","$14.99"
"https://www.oculus.com/experiences/quest/2352932654734987","OrbusVR: Reborn","$19.99"
"https://www.oculus.com/experiences/quest/2267061756700952","VR Karts: Sprint","$7.99"
"https://www.oculus.com/experiences/quest/2188021891257542","Oculus First Contact","Get"
"https://www.oculus.com/experiences/quest/2173678582678296","Rec Room","Get"
"https://www.oculus.com/experiences/quest/2134077359973067","Dead and Buried II","$19.99"
"https://www.oculus.com/experiences/quest/2111191602278229","Virtual Virtual Reality","$14.99"
"https://www.oculus.com/experiences/quest/2096570290365140","Apex Construct","$9.99"
"https://www.oculus.com/experiences/quest/2088119334554800","Shadow Point","$19.99"
"https://www.oculus.com/experiences/quest/2082595615120854","Bait!","Get"
"https://www.oculus.com/experiences/quest/2010043642376517","Keep Talking and Nobody Explodes","$14.99"
"https://www.oculus.com/experiences/quest/1987283631365460","I Expect You To Die",""
"https://www.oculus.com/experiences/quest/1947925211962268","The Exorcist: Legion VR","$24.99"
"https://www.oculus.com/experiences/quest/1935017546592600","Drop Dead: Dual Strike Edition","$14.99"
"https://www.oculus.com/experiences/quest/1906871599408213","Robo Recall: Unplugged","$29.99"
"https://www.oculus.com/experiences/quest/1854124104686464","Thumper","$19.99"
"https://www.oculus.com/experiences/quest/1853479764707533","Journey of the Gods",""
"https://www.oculus.com/experiences/quest/1810693125705825","RUSH","$19.99"
"https://www.oculus.com/experiences/quest/1798409083604479","Ultrawings","$14.99"
"https://www.oculus.com/experiences/quest/1663790613725314","Space Pirate Trainer DX","$19.99"
"https://www.oculus.com/experiences/quest/1654565391314903","Moss",""
"https://www.oculus.com/experiences/quest/705576999566582","Sports Scramble",""
"https://www.oculus.com/experiences/quest/2131072803612066","Sports Scramble – Demo","Get"
"https://www.oculus.com/experiences/quest/4554248281328321","Cosmonious High",""
"https://www.oculus.com/experiences/quest/2062507817126022","Creed: Rise to Glory - Demo","Get"
"https://www.oculus.com/experiences/quest/1780841635357133","SUPERHOT VR - Demo","Get"
"https://www.oculus.com/experiences/quest/1758986534231171","Beat Saber - Demo","Get"
"https://www.oculus.com/experiences/quest/2823006367725446","Journey of the Gods - Demo","Get"
"https://www.oculus.com/experiences/quest/2215140511885250","Fruit Ninja","$14.99"
"https://www.oculus.com/experiences/quest/2370815932930055","PokerStars VR","Get"
"https://www.oculus.com/experiences/quest/2299465166734471","Epic Roller Coasters","Get"
"https://www.oculus.com/experiences/quest/4554248281328321","Cosmonious High",""
"https://www.oculus.com/experiences/quest/1758986534231171","Beat Saber - Demo","Get"
"https://www.oculus.com/experiences/quest/4554248281328321","Cosmonious High",""
"https://www.oculus.com/experiences/quest/4554248281328321","Cosmonious High",""
"https://www.oculus.com/experiences/quest/4554248281328321","Cosmonious High",""
"https://www.oculus.com/experiences/quest/4554248281328321","Cosmonious High",""
"https://www.oculus.com/experiences/quest/4554248281328321","Cosmonious High",""
"https://www.oculus.com/experiences/quest/4554248281328321","Cosmonious High",""
"https://www.oculus.com/experiences/quest/4554248281328321","Cosmonious High",""
"https://www.oculus.com/experiences/quest/4554248281328321","Cosmonious High",""
"https://www.oculus.com/experiences/quest/4554248281328321","Cosmonious High",""