"https://www.oculus.com/experiences/rift/997678176960598","VRChat","Get"
"https://www.oculus.com/experiences/rift/1513995308673845","Google Earth VR","Get"
"https://www.oculus.com/experiences/rift/4687366744712890","Substance 3D Modeler","Get"
"https://www.oculus.com/experiences/rift/1257029974329451","Rec Room","Get"
"https://www.oculus.com/experiences/rift/1004289456346194","DeoVR Video Player","Get"
"https://www.oculus.com/experiences/rift/1369078409873402","Echo VR","Get"
"https://www.oculus.com/experiences/rift/1429661883829354","Jurassic World: Blue","Get"
"https://www.oculus.com/experiences/rift/1439668599404073","République VR SE","Get"
"https://www.oculus.com/experiences/rift/2801247513273368","Hyper Dash","Get"
"https://www.oculus.com/experiences/rift/6924207650938202","Return to Kurgansk","Get"
"https://www.oculus.com/experiences/rift/1477883658957255","Epic Roller Coasters","Get"
"https://www.oculus.com/experiences/rift/1246744618768922","Home - A VR Spacewalk","Get"
"https://www.oculus.com/experiences/rift/1266881563371842","Xbox One Streaming","Get"
"https://www.oculus.com/experiences/rift/1781819921845915","VeeR: Premium Immersive Entertainment","Get"
"https://www.oculus.com/experiences/rift/2069539006493937","Doctor Who: The Runaway","Get"
"https://www.oculus.com/experiences/rift/1744842135602990","GizmoVR Video Player","Get"
"https://www.oculus.com/experiences/rift/1018613041536358","Bigscreen Beta","Get"
"https://www.oculus.com/experiences/rift/1016967501697367","Lost","Get"
"https://www.oculus.com/experiences/rift/941682542593981","Oculus Dreamdeck","Get"
"https://www.oculus.com/experiences/rift/3257686387611106","Medium by Adobe","Get"
"https://www.oculus.com/experiences/rift/2271313892973792","AVROS","Get"
"https://www.oculus.com/experiences/rift/1961361990541898","PokerStars VR","Get"
"https://www.oculus.com/experiences/rift/804448142992694","Magic Table Chess","Get"
"https://www.oculus.com/experiences/rift/9256381954436178","Office Treasure Hunt","Get"
"https://www.oculus.com/experiences/rift/8424830437558012","Football World Cup Stadium VR","Get"
"https://www.oculus.com/experiences/rift/6057427554341357","Horror Adventure : Zombie Edition VR Demo","Get"
"https://www.oculus.com/experiences/rift/4559072887515509","Lunar Exploration: Past","Get"
"https://www.oculus.com/experiences/rift/926295224105459","Farlands","Get"
"https://www.oculus.com/experiences/rift/2050324821663886","Oika","Get"
"https://www.oculus.com/experiences/rift/5460060674063227","Fish Game","Get"
"https://www.oculus.com/experiences/rift/1801263533272595","Anne Frank House VR","Get"
"https://www.oculus.com/experiences/rift/1789924451050066","Blade Runner 2049: Memory Lab","Get"
"https://www.oculus.com/experiences/rift/1570264743013105","VROOM KABOOM","Get"
"https://www.oculus.com/experiences/rift/2555369754551731","Meta Horizon Worlds",""
"https://www.oculus.com/experiences/rift/2178820058825941","1943 Berlin Blitz","Get"
"https://www.oculus.com/experiences/rift/2069106006465690","Lone Echo II: Trailer Experience","Get"
"https://www.oculus.com/experiences/rift/1936934136403643","Multiverse","Get"
"https://www.oculus.com/experiences/rift/1880529828633843","Archangel™ Hellfire Free","Get"
"https://www.oculus.com/experiences/rift/1755851804523719","Wrench: Engine Building Demo","Get"
"https://www.oculus.com/experiences/rift/1727232890655019","KFC The Hard Way","Get"
"https://www.oculus.com/experiences/rift/1217155751659625","Oculus First Contact","Get"
"https://www.oculus.com/experiences/rift/1178419975552187","Mission:ISS","Get"
"https://www.oculus.com/experiences/rift/3276121785731261","The Eastern Edge","Get"
"https://www.oculus.com/experiences/rift/2204953279605871","Touring Karts Demo","Get"
"https://www.oculus.com/experiences/rift/6015050278577275","Neon City Demo","Get"
"https://www.oculus.com/experiences/rift/4109168145824350","Space Explorers","Get"
"https://www.oculus.com/experiences/rift/2109995092457108","The Under Presents","Get"
"https://www.oculus.com/experiences/rift/1458299040905281","Jurassic World: Apatosaurus","Get"
"https://www.oculus.com/experiences/rift/1244223995590142","Starfighter Arduxim Multiplayer","Get"
"https://www.oculus.com/experiences/rift/1104933179620125","Tvori","Get"