"https://www.oculus.com/experiences/rift/1304877726278670","Beat Saber","$29.99"
"https://www.oculus.com/experiences/rift/3030768740337590","Primal Hunt","$29.99"
"https://www.oculus.com/experiences/rift/2385436581584047","BONEWORKS","$29.99"
"https://www.oculus.com/experiences/rift/2472374902778951","Blade & Sorcery","$19.99"
"https://www.oculus.com/experiences/rift/1196665787048646","Rick and Morty: Virtual Rick-ality","$29.99"
"https://www.oculus.com/experiences/rift/2004005749696280","Into the Radius VR","$29.99"
"https://www.oculus.com/experiences/rift/5088709007839657","BONELAB","$39.99"
"https://www.oculus.com/experiences/rift/3698074996900722","Hubris","$29.99"
"https://www.oculus.com/experiences/rift/1711938725528735","Lone Echo II","$39.99"
"https://www.oculus.com/experiences/rift/1180401875303371","Asgard's Wrath","$39.99"
"https://www.oculus.com/experiences/rift/1069133196442024","Job Simulator","$19.99"
"https://www.oculus.com/experiences/rift/3939213812861269","Green Hell VR","$29.99"
"https://www.oculus.com/experiences/rift/2749858231721083","The Walking Dead Onslaught","$29.99"
"https://www.oculus.com/experiences/rift/3173607405998636","Five Nights at Freddy's VR: Help Wanted","$29.99"
"https://www.oculus.com/experiences/rift/2314034471989368","Pistol Whip","$29.99"
"https://www.oculus.com/experiences/rift/1368187813209608","Lone Echo","$19.99"
"https://www.oculus.com/experiences/rift/2250162051701470","Contractors VR","$19.99"
"https://www.oculus.com/experiences/rift/2092820447458370","Cook-Out","$19.99"
"https://www.oculus.com/experiences/rift/1524154440988718","Defector","$19.99"
"https://www.oculus.com/experiences/rift/1480133245392512","Batmanâ„¢: Arkham VR","$19.99"
"https://www.oculus.com/experiences/rift/2734683026604050","Vader Immortal: Episode II","$9.99"
"https://www.oculus.com/experiences/rift/2317961328270454","Vader Immortal: Episode III","$9.99"
"https://www.oculus.com/experiences/rift/818716001584299","Keep Talking and Nobody Explodes","$14.99"
"https://www.oculus.com/experiences/rift/1393269044113553","SKYBOX VR Video Player","$9.99"
"https://www.oculus.com/experiences/rift/3843985642392975","Among Us VR","$9.99"
"https://www.oculus.com/experiences/rift/984294025016007","theBlu: Season 1","$5.99"
"https://www.oculus.com/experiences/rift/1764424466901461","Island Time VR","$14.99"
"https://www.oculus.com/experiences/rift/3017602198264791","Blobkin Blaster VR","$4.99"
"https://www.oculus.com/experiences/rift/3079006025474298","Reiko's Fragments","$4.99"
"https://www.oculus.com/experiences/rift/4916877174997692","GOLF+","$29.99"
"https://www.oculus.com/experiences/rift/4347364998670729","CURSED NIGHT - The House","$7.99"
"https://www.oculus.com/experiences/rift/1831386233574800","Hockey Player VR","$4.99"
"https://www.oculus.com/experiences/rift/2499688966768965","Pick-up League Hockey","$3.99"
"https://www.oculus.com/experiences/rift/2328506790595457","Walkabout Mini Golf","$14.99"